old_commit	new_commit
1226f81ba93e40b57421c3fd44aa91f01f3e05c7	d60336c63f0134697486832054d7345a683ce445
15a044e369815b191c5c7b38f3b5c687d6ee0581	7e073527f1ad2d301d5c769896c643f6716f6d3d
18a37ce7c1dbb17965e4614181eb2559e67dabb5	829209d6707abcdef87d28be5e970a37bc73498c
22ef7a9a0e9d9420ee51d8e19b0c8110cd8014d3	e7d16495fa4afb9789f023dc6f0456ca50e21284
2308a6a9d6a6c416c4a1fb72600c52721cddc4db	1bddd54854933df2618786bfd6ea3359a97db30b
26dc23bf130959cec27d8144d72121cc61b52c96	351b9ffe8066ba6614adfd91070c066185881765
39d457504d8f340ea83166c07d25e25b7b470505	cfdfcd57667d2d5728569da68751edb7ad4c90bc
3c5fce2b2df9c892418676ef75ffbc5752216e55	0281a11f0b6ba32d782bb5887460e1661b6a8bcf
3e0901978c71d8da7d383784b4a016242af201b6	654c919db2a10152a0d2f23fffa3cfd231d9fd22
42c5efb4fe3ff4afe55b56e99cdff175db84073e	9a7551d51a1dd19f36b755613c3be2b92167c26a
4d2c0f6c608a0be2ab345e2432f6ec5641222d49	b045fa98bc1c8a264222f05a751531af6ab4db48
782fb71a07effd829351f0f3331ec59ff2f79a81	a34140728d3eb6f4a98fbc0cb4fb84fc6ec159e9
82a2f8b86f5f495f7603f40bf0bb40f1db1ccde4	40d91ba060508dcf7b12e1a889fd0a199a0b665c
83696554cf1d2354cbbb65289fa5cfbab718d5a5	e8349a6eab37cba61e814fe351a1634062077cbe
9179683a658d0fad0e7e9021abd5cee1369cb06f	b372fe2ccee1055e76a0e904758aba31a7f53dc1
93381bb4a4dbbc42bc92b6f3d89eb264ad0f776f	1e33044833517451a391d6b9c35dd1b3a373a979
9c77d8231086da931013da2e72244249edad71b8	7830565db6865bae0408c2533207d7d7061816e2
9eb12e5605a8c50f6d2304821d02ffe2e07918f8	71dff2687bf631c54506392f52694d0584c308c2
9fa1322b358a22d2b1fe20af4d82a163f2b9e74a	c5ec5d907cabcf3069abbff20dc4e8c929d3b265
a54de363cba65ce44f1af581a0f56e7d1a9d650a	209697dbe23f1c26eb8d232db51f0c8395b7f596
a5f9bb7672da2e20844e25897d1702721c48efce	a915de5ff04190432e2a2a329f87eaeb2d388cfa
a7aef078e2811543e4ae4f365eb0106261c138c5	28e4b9abc4c8122f7d6b9f3c232fc85fb47a636c
af5b9db88bcb3bb902771156498ffb53e0c2a228	d4812685ef088462fbf294216323d69016a25e05
b5edd32b67897ef45203010a479bff3f30a84274	abdcca0b15240f080b480946be697c1855043b81
bc2060f644b6ff6494c5db503a44fb3460dded4b	462c8b53547e3a602f7e3d173d0802a159d94627
be633a03c12212c55d1e3a7ac29db88e204d89b0	f9695292693bc650f408c75fda6020f8185bb9f3
cacb565f18f7b18208534414e7c268efd0e572af	876eac2abf4717e140b77bd97569d6f23ab3b797
cbdcb23f3938b168b2031476db37103a38b1686a	ff5c24f46e486cf91adf46b7abe2fc102cb563b4
cbf61d53897dbd9970bf5b13b78e85f844dc8a7b	62bcb1e3afea046e8548ae2c7bd90d0e984912cd
d06eac3fefc5c490544619fe6a5ca07cfd165fa6	21ce86c0b4aed19ba30f1be5490c0b52cd06ce46
de312ae8734e8df2a082a27e3e09fac6611e6bc9	33595bbf34a33d5138ca45f14cfaf161f80b7ec2
e406d49211041492783405c45684924496720e2c	daf8ee1fd28f4bb4b0e1559ce5a06839781ede98
eaaaabe33936daee6bb291d902ffb63575a93e25	e52804847e6a7e993502c21d59240262240da26d
ebf0482762307362c95b31f8547b32da682fa2c4	521b10438ed231f9a75b7e9930685c572ea1461d
f8b41411f2d8a859d3a40e3566ec722b872772ca	ab229757c47c8f2e1def2a3dcea4a433f52a0da4
